{"model":{"version":2,"nodes":[{"name":"RootNode","position":[0,0,0],"rotation":[0,0,0],"scale":[1,1,1]},{"name":"Cube","position":[0,0,0],"rotation":[90,-0,180],"scale":[1,2,1]},{"name":"Lamp","position":[-4.07625,5.90386,1.00545],"rotation":[-132.466,-72.7792,-10.7437],"scale":[1,1,1]},{"name":"Camera","position":[-7.48113,5.34367,-6.50764],"rotation":[156.76,37.6377,145.788],"scale":[1,1,1]}],"parents":[-1,0,0,0],"skins":[],"vertices":[{"position":{"type":"float32","components":3,"data":[-1,-1,-1,1,1,-1,1,-1,-1,-1,1,-1,-1,1,1,0.999999,-1,1,1,0.999999,1,-1,-1,1,1,0.999999,1,1,-1,-1,1,1,-1,0.999999,-1,1,0.999999,-1,1,-1,-1,-1,1,-1,-1,-1,-1,1,-1,1,1,-1,-1,-1,-1,-1,1,-1,1,-1,-1,1,1,1,1,-1,-1,1,-1,1,0.999999,1]},"normal":{"type":"float32","components":3,"data":[0,0,-1,0,0,-1,0,0,-1,0,0,-1,2.98023e-08,0,1,2.98023e-08,0,1,2.98023e-08,0,1,2.98023e-08,0,1,1,-2.98023e-07,4.47034e-08,1,-2.98023e-07,4.47034e-08,1,-2.98023e-07,4.47034e-08,1,-2.98023e-07,4.47034e-08,-2.83122e-07,-1,-1.78814e-07,-2.83122e-07,-1,-1.78814e-07,-2.83122e-07,-1,-1.78814e-07,-2.83122e-07,-1,-1.78814e-07,-1,2.38419e-07,-1.3411e-07,-1,2.38419e-07,-1.3411e-07,-1,2.38419e-07,-1.3411e-07,-1,2.38419e-07,-1.3411e-07,2.38419e-07,1,1.63913e-07,2.38419e-07,1,1.63913e-07,2.38419e-07,1,1.63913e-07,2.38419e-07,1,1.63913e-07]},"texCoord0":{"type":"float32","components":2,"data":[0.25025,0.75025,0.5002,1.0002,0.25025,1.0002,0.5002,0.75025,0.000125051,0.500175,0.500025,0.000274956,0.500025,0.500175,0.000124916,0.000275135,0.5,0.5001,0.74995,0.75005,0.5,0.75005,0.74995,0.5001,0.74995,0.5001,0.9999,0.75005,0.74995,0.75005,0.9999,0.5001,0.25005,0.5001,9.998e-05,0.75005,9.998e-05,0.5001,0.25005,0.75005,0.25005,0.5001,0.5,0.75005,0.25005,0.75005,0.5,0.5001]}}],"meshes":[{"aabb":{"min":[-1,-1,-1],"max":[1,1,1]},"vertices":0,"indices":[0,1,2,1,0,3,4,5,6,5,4,7,8,9,10,9,8,11,12,13,14,13,12,15,16,17,18,17,16,19,20,21,22,21,20,23],"type":"triangles","base":0,"count":36}],"meshInstances":[{"node":1,"mesh":0}]}}